model,accuracy,precision,recall,f1,tn,fp,fn,tp
Fine-tuned DistilBERT,0.9855973813420622,0.9925415949512335,0.9742819598272949,0.9833270178097764,6854,39,137,5190
