model,accuracy,precision,recall,f1,tn,fp,fn,tp
Fine-tuned DistilBERT,0.989443535188216,0.9918622255866768,0.9838558287966961,0.9878428046366977,6850,43,86,5241
