model,accuracy,precision,recall,f1,roc_auc
SBERT + Logistic Regression,0.8612111292962357,0.8590073165908642,0.8154683686878168,0.8366718027734977,0.9337865063958286
