model,accuracy,precision,recall,f1,roc_auc
SBERT + XGBoost,0.8612929623567921,0.863345338135254,0.810024403979726,0.8358353510895883,0.9353336477390418
