model,accuracy,precision,recall,f1,roc_auc
SBERT + GaussianNB,0.7265139116202946,0.6734836567033735,0.7232964144922095,0.6975018102824041,0.8069478096782072
