model,accuracy,precision,recall,f1,roc_auc,source_file,tn,fp,fn,tp
Fine-tuned DistilBERT,0.986088379705401,0.9916110581506196,0.97634691195795,0.9839197881195612,0.998935142888244,bert_results.csv,6849.0,44.0,126.0,5201.0
TF-IDF + Logistic Regression,0.9330605564648118,0.9256182744949972,0.9204054815092922,0.9230045180722892,0.980845943808236,tfidf_logistic_results.csv,,,,
TF-IDF + XGBoost,0.912847790507365,0.8963913690476191,0.9046367561479256,0.9004951882649725,0.972015422746544,tfidf_xgboost_results.csv,,,,
TF-IDF + MultinomialNB,0.8636661211129296,0.8309528114265051,0.8627745447719166,0.8465647448885613,0.9383217047975502,tfidf_multinomial_nb_results.csv,,,,
SBERT + Logistic Regression,0.8612111292962357,0.8590073165908642,0.8154683686878168,0.8366718027734977,0.9337865063958286,sbert_logistic_results.csv,,,,
SBERT + XGBoost,0.8612929623567921,0.863345338135254,0.810024403979726,0.8358353510895883,0.9353336477390418,sbert_xgboost_results.csv,,,,
SBERT + GaussianNB,0.7265139116202946,0.6734836567033735,0.7232964144922095,0.6975018102824041,0.8069478096782072,sbert_gaussian_nb_results.csv,,,,
