model,accuracy,precision,recall,f1,roc_auc
TF-IDF + MultinomialNB,0.8636661211129296,0.8309528114265051,0.8627745447719166,0.8465647448885613,0.9383217047975502
