model,accuracy,precision,recall,f1,roc_auc
TF-IDF + Logistic Regression,0.9330605564648118,0.9256182744949971,0.9204054815092922,0.9230045180722891,0.980845943808236
