model,accuracy,precision,recall,f1,roc_auc
TF-IDF + XGBoost,0.912847790507365,0.8963913690476191,0.9046367561479257,0.9004951882649725,0.972015422746544
