accuracy,precision,recall,f1_score,roc_auc
0.9214402618657938,0.9069897483690588,0.9134597334334522,0.9102132435465768,0.9766025560982566
