accuracy,precision,recall,f1_score,roc_auc,model
0.9468688200395518,0.9400536832687146,0.939773404889684,0.9399135231847324,0.9888364792505326,SBERT + Logistic
0.9444957152274226,0.9497086783195339,0.9233750745378653,0.9363567649281935,0.9865696543402072,SBERT + XGBoost
