{
    "accuracy": 0.9959129861568886,
    "precision": 0.9976040730757711,
    "recall": 0.9931425163983304,
    "f1_score": 0.9953682952338264,
    "roc_auc": 0.9996668962524525,
    "confusion_matrix": [
        [
            4223,
            8
        ],
        [
            23,
            3331
        ]
    ]
}